SalePrice,Id,MiscVal,
130130.7845,1461,0,130130.7845
146452.2528,1462,12500,158952.2528
170162.0013,1463,0,170162.0013
197427.1487,1464,0,197427.1487
196868.0819,1465,0,196868.0819
176838.5869,1466,0,176838.5869
159877.1518,1467,500,160377.1518
169468.6065,1468,0,169468.6065
187942.0926,1469,0,187942.0926
122073.5994,1470,0,122073.5994
175475.5855,1471,0,175475.5855
101674.8106,1472,0,101674.8106
95086.32339,1473,0,95086.32339
145136.2078,1474,0,145136.2078
110298.8504,1475,0,110298.8504
389821.3321,1476,0,389821.3321
255799.6683,1477,0,255799.6683
295950.7238,1478,0,295950.7238
292352.295,1479,0,292352.295
515627.1219,1480,0,515627.1219
333083.5934,1481,0,333083.5934
220747.3728,1482,0,220747.3728
171559.2909,1483,0,171559.2909
163501.1273,1484,0,163501.1273
183405.5012,1485,0,183405.5012
200505.2716,1486,0,200505.2716
315758.3903,1487,0,315758.3903
200247.1171,1488,0,200247.1171
170884.4909,1489,0,170884.4909
214523.7939,1490,0,214523.7939
195561.4639,1491,0,195561.4639
90788.72668,1492,0,90788.72668
184333.9057,1493,0,184333.9057
292834.8765,1494,0,292834.8765
272992.3376,1495,0,272992.3376
217862.5879,1496,0,217862.5879
190651.4186,1497,0,190651.4186
168490.4466,1498,0,168490.4466
174490.3775,1499,0,174490.3775
171056.8975,1500,0,171056.8975
181665.2536,1501,0,181665.2536
169268.3737,1502,0,169268.3737
213904.4997,1503,0,213904.4997
229559.4796,1504,0,229559.4796
210807.4826,1505,0,210807.4826
194848.9534,1506,0,194848.9534
256845.2541,1507,0,256845.2541
204159.1003,1508,0,204159.1003
168360.4098,1509,0,168360.4098
142867.2223,1510,0,142867.2223
136691.0168,1511,0,136691.0168
160423.4019,1512,0,160423.4019
147106.8006,1513,0,147106.8006
146382.6886,1514,0,146382.6886
185433.9977,1515,0,185433.9977
140834.7552,1516,0,140834.7552
150733.3475,1517,1500,152233.3475
126043.1072,1518,0,126043.1072
188040.5801,1519,300,188340.5801
127635.5646,1520,0,127635.5646
130825.3571,1521,0,130825.3571
164644.5366,1522,0,164644.5366
112923.8346,1523,0,112923.8346
117999.256,1524,0,117999.256
118528.0437,1525,0,118528.0437
119702.1056,1526,0,119702.1056
107655.4929,1527,0,107655.4929
133607.3189,1528,0,133607.3189
143151.9858,1529,0,143151.9858
175783.8071,1530,0,175783.8071
116854.1448,1531,0,116854.1448
92652.82771,1532,0,92652.82771
137838.9994,1533,0,137838.9994
116582.1278,1534,0,116582.1278
164377.874,1535,0,164377.874
103133.1078,1536,0,103133.1078
61531.97433,1537,0,61531.97433
140196.6567,1538,0,140196.6567
185931.5636,1539,0,185931.5636
91092.71808,1540,0,91092.71808
131811.2495,1541,0,131811.2495
144985.1841,1542,0,144985.1841
224001.5785,1543,0,224001.5785
95464.3867,1544,0,95464.3867
120223.053,1545,0,120223.053
137205.7992,1546,0,137205.7992
124622.9744,1547,0,124622.9744
142091.9611,1548,0,142091.9611
123994.9914,1549,0,123994.9914
149369.126,1550,0,149369.126
113602.62,1551,0,113602.62
136205.4067,1552,0,136205.4067
142073.0087,1553,0,142073.0087
108673.2569,1554,0,108673.2569
165223.2324,1555,0,165223.2324
103408.372,1556,0,103408.372
118863.3094,1557,0,118863.3094
108995.1485,1558,0,108995.1485
114640.3266,1559,0,114640.3266
148738.1523,1560,0,148738.1523
132225.1952,1561,0,132225.1952
129989.2653,1562,0,129989.2653
118077.8982,1563,0,118077.8982
142445.8318,1564,0,142445.8318
137170.1989,1565,0,137170.1989
249737.5288,1566,0,249737.5288
87911.68128,1567,0,87911.68128
234690.5461,1568,0,234690.5461
108088.4663,1569,450,108538.4663
137513.6979,1570,0,137513.6979
104521.1113,1571,0,104521.1113
132543.1151,1572,0,132543.1151
128534.541,1573,0,128534.541
99224.795,1574,0,99224.795
226964.8283,1575,0,226964.8283
229377.0088,1576,0,229377.0088
183161.9144,1577,0,183161.9144
157449.0463,1578,0,157449.0463
153403.1633,1579,0,153403.1633
197516.1852,1580,0,197516.1852
147646.7564,1581,0,147646.7564
122052.2154,1582,0,122052.2154
283961.8371,1583,0,283961.8371
212809.9369,1584,0,212809.9369
140456.5253,1585,0,140456.5253
64044.91384,1586,0,64044.91384
102851.4284,1587,0,102851.4284
149637.5534,1588,0,149637.5534
95009.9399,1589,0,95009.9399
113923.8252,1590,0,113923.8252
83334.55081,1591,0,83334.55081
129121.7634,1592,0,129121.7634
119482.6502,1593,0,119482.6502
130016.6538,1594,500,130516.6538
116530.7925,1595,0,116530.7925
254334.8427,1596,0,254334.8427
207471.6006,1597,0,207471.6006
210483.8033,1598,0,210483.8033
151346.8945,1599,0,151346.8945
144298.075,1600,0,144298.075
55620.50525,1601,0,55620.50525
112848.5169,1602,0,112848.5169
73517.60928,1603,0,73517.60928
288253.0849,1604,0,288253.0849
242170.2993,1605,0,242170.2993
172940.1533,1606,80,173020.1533
181779.0948,1607,0,181779.0948
205429.2919,1608,0,205429.2919
169732.4299,1609,0,169732.4299
151941.1662,1610,0,151941.1662
159847.0154,1611,0,159847.0154
159368.6573,1612,0,159368.6573
159501.5725,1613,0,159501.5725
112898.2644,1614,0,112898.2644
92556.60273,1615,0,92556.60273
81682.04515,1616,0,81682.04515
93170.58463,1617,0,93170.58463
123946.1632,1618,0,123946.1632
115727.7617,1619,0,115727.7617
184391.0971,1620,600,184991.0971
140414.378,1621,0,140414.378
129888.5526,1622,0,129888.5526
200487.2269,1623,0,200487.2269
209953.9894,1624,0,209953.9894
117256.0415,1625,0,117256.0415
169615.3732,1626,0,169615.3732
191121.4112,1627,0,191121.4112
281121.7966,1628,0,281121.7966
184064.6706,1629,490,184554.6706
401392.6816,1630,0,401392.6816
234961.5068,1631,0,234961.5068
256381.8227,1632,0,256381.8227
173522.7073,1633,0,173522.7073
192563.1822,1634,0,192563.1822
178703.5599,1635,0,178703.5599
156497.5317,1636,0,156497.5317
199245.3582,1637,0,199245.3582
194136.0792,1638,0,194136.0792
187368.9021,1639,0,187368.9021
252490.548,1640,0,252490.548
192050.5761,1641,0,192050.5761
231257.794,1642,0,231257.794
210701.5336,1643,0,210701.5336
228189.8425,1644,0,228189.8425
198163.424,1645,0,198163.424
145609.5824,1646,0,145609.5824
149430.9296,1647,0,149430.9296
127139.8174,1648,0,127139.8174
135759.027,1649,0,135759.027
119633.1161,1650,0,119633.1161
119511.795,1651,0,119511.795
95508.38083,1652,0,95508.38083
98210.31318,1653,0,98210.31318
142802.5872,1654,0,142802.5872
131124.7938,1655,0,131124.7938
138839.0529,1656,0,138839.0529
144095.5398,1657,0,144095.5398
149371.6543,1658,0,149371.6543
122853.6647,1659,0,122853.6647
151563.0495,1660,1200,152763.0495
437343.5708,1661,0,437343.5708
445462.8955,1662,0,445462.8955
359079.0314,1663,0,359079.0314
554345.5144,1664,0,554345.5144
289254.7582,1665,0,289254.7582
327551.1133,1666,0,327551.1133
362387.6599,1667,0,362387.6599
328588.8156,1668,0,328588.8156
299574.0602,1669,0,299574.0602
328077.7977,1670,0,328077.7977
276143.0181,1671,0,276143.0181
434755.625,1672,0,434755.625
306505.9858,1673,0,306505.9858
242080.1345,1674,0,242080.1345
202734.4818,1675,0,202734.4818
203606.3207,1676,0,203606.3207
224940.25,1677,0,224940.25
521254.6349,1678,0,521254.6349
387149.751,1679,0,387149.751
360304.2804,1680,0,360304.2804
244794.3692,1681,0,244794.3692
310096.335,1682,0,310096.335
193842.894,1683,0,193842.894
176440.6857,1684,0,176440.6857
173965.097,1685,0,173965.097
176436.5525,1686,0,176436.5525
168507.3071,1687,0,168507.3071
198065.6158,1688,0,198065.6158
188874.2489,1689,0,188874.2489
202655.9499,1690,0,202655.9499
186462.613,1691,0,186462.613
265262.8069,1692,0,265262.8069
163199.2478,1693,0,163199.2478
181444.081,1694,0,181444.081
161640.4674,1695,0,161640.4674
267678.7661,1696,0,267678.7661
166979.5559,1697,0,166979.5559
356300.5067,1698,0,356300.5067
314580.5061,1699,0,314580.5061
261600.7057,1700,0,261600.7057
289775.1547,1701,0,289775.1547
206797.6503,1702,0,206797.6503
206650.3686,1703,0,206650.3686
231955.2572,1704,0,231955.2572
202129.6437,1705,0,202129.6437
298632.0938,1706,0,298632.0938
179877.271,1707,0,179877.271
190198.8821,1708,0,190198.8821
204952.4315,1709,0,204952.4315
203471.5348,1710,0,203471.5348
221125.9462,1711,0,221125.9462
217398.7615,1712,0,217398.7615
230561.8051,1713,0,230561.8051
215865.5086,1714,0,215865.5086
208566.6468,1715,0,208566.6468
164936.8677,1716,0,164936.8677
163299.3987,1717,0,163299.3987
137753.7424,1718,0,137753.7424
206663.324,1719,0,206663.324
241201.8618,1720,0,241201.8618
150393.3228,1721,0,150393.3228
128538.397,1722,0,128538.397
152471.6281,1723,0,152471.6281
197325.8248,1724,0,197325.8248
235648.3772,1725,0,235648.3772
197152.8956,1726,0,197152.8956
150531.8801,1727,0,150531.8801
177002.1844,1728,0,177002.1844
165730.9016,1729,0,165730.9016
144803.029,1730,0,144803.029
122363.6345,1731,0,122363.6345
125111.8966,1732,0,125111.8966
109958.7499,1733,0,109958.7499
121476.3149,1734,0,121476.3149
124658.475,1735,0,124658.475
114758.8132,1736,0,114758.8132
293027.4708,1737,0,293027.4708
255469.9112,1738,0,255469.9112
283135.5826,1739,0,283135.5826
203107.1962,1740,0,203107.1962
198478.6491,1741,0,198478.6491
178966.9651,1742,0,178966.9651
182865.1537,1743,0,182865.1537
285728.416,1744,0,285728.416
203336.1419,1745,0,203336.1419
235191.3744,1746,0,235191.3744
223955.8888,1747,0,223955.8888
232196.4342,1748,0,232196.4342
151424.1969,1749,650,152074.1969
136104.9576,1750,0,136104.9576
236847.0538,1751,0,236847.0538
119600.7545,1752,0,119600.7545
144148.4782,1753,0,144148.4782
185643.8273,1754,0,185643.8273
169228.8126,1755,0,169228.8126
127511.4175,1756,0,127511.4175
118295.9294,1757,0,118295.9294
140894.7811,1758,0,140894.7811
150104.9869,1759,0,150104.9869
166210.9819,1760,0,166210.9819
143164.7636,1761,0,143164.7636
174493.2118,1762,0,174493.2118
178632.6592,1763,0,178632.6592
119555.4485,1764,0,119555.4485
167852.8433,1765,0,167852.8433
176916.2047,1766,0,176916.2047
178720.6224,1767,0,178720.6224
143015.61,1768,0,143015.61
159912.5428,1769,0,159912.5428
151462.5203,1770,0,151462.5203
124240.9625,1771,0,124240.9625
133390.5251,1772,0,133390.5251
124624.5837,1773,0,124624.5837
132091.8447,1774,0,132091.8447
140180.269,1775,0,140180.269
129935.3551,1776,0,129935.3551
99192.33488,1777,0,99192.33488
136674.6271,1778,0,136674.6271
115728.3814,1779,0,115728.3814
165520.2168,1780,0,165520.2168
129067.7797,1781,0,129067.7797
70200.00644,1782,0,70200.00644
127530.635,1783,0,127530.635
105442.3433,1784,0,105442.3433
99064.95229,1785,0,99064.95229
149955.6777,1786,0,149955.6777
144606.4331,1787,0,144606.4331
47557.66679,1788,0,47557.66679
73238.22891,1789,0,73238.22891
72097.52916,1790,0,72097.52916
173983.0348,1791,0,173983.0348
148413.7921,1792,0,148413.7921
126855.5279,1793,0,126855.5279
146670.187,1794,450,147120.187
135429.7129,1795,0,135429.7129
122272.6969,1796,0,122272.6969
123541.3026,1797,0,123541.3026
119162.8839,1798,0,119162.8839
106158.6445,1799,0,106158.6445
127721.3834,1800,0,127721.3834
127907.3294,1801,0,127907.3294
140791.7973,1802,0,140791.7973
141611.9114,1803,0,141611.9114
115895.4423,1804,0,115895.4423
138546.1166,1805,0,138546.1166
118885.3788,1806,0,118885.3788
125819.6918,1807,0,125819.6918
99838.77892,1808,0,99838.77892
103049.169,1809,0,103049.169
122536.945,1810,0,122536.945
80617.19917,1811,0,80617.19917
86637.90112,1812,0,86637.90112
97609.85053,1813,0,97609.85053
79628.78054,1814,0,79628.78054
48964.82895,1815,0,48964.82895
80136.13082,1816,0,80136.13082
98926.77074,1817,0,98926.77074
125600.1399,1818,0,125600.1399
111212.001,1819,0,111212.001
61290.00424,1820,0,61290.00424
109001.3731,1821,0,109001.3731
139867.3864,1822,0,139867.3864
48713.75668,1823,0,48713.75668
146820.1035,1824,0,146820.1035
153096.0477,1825,0,153096.0477
104860.212,1826,0,104860.212
107167.5713,1827,0,107167.5713
144873.1028,1828,0,144873.1028
121415.9605,1829,0,121415.9605
118568.1774,1830,0,118568.1774
130494.5572,1831,400,130894.5572
82308.27497,1832,0,82308.27497
126112.0042,1833,0,126112.0042
116270.625,1834,0,116270.625
106036.1898,1835,0,106036.1898
97309.45292,1836,0,97309.45292
85151.34552,1837,0,85151.34552
118198.2365,1838,0,118198.2365
94544.39502,1839,0,94544.39502
158709.8099,1840,0,158709.8099
136724.6573,1841,0,136724.6573
104778.6857,1842,0,104778.6857
126447.0759,1843,0,126447.0759
139432.1168,1844,0,139432.1168
142130.3857,1845,0,142130.3857
159152.1497,1846,0,159152.1497
160664.118,1847,0,160664.118
66858.1196,1848,0,66858.1196
114896.5684,1849,0,114896.5684
117240.6589,1850,0,117240.6589
129338.4536,1851,0,129338.4536
139360.6304,1852,0,139360.6304
154165.7129,1853,0,154165.7129
153322.2554,1854,0,153322.2554
173451.8132,1855,600,174051.8132
203970.3064,1856,0,203970.3064
166248.4,1857,0,166248.4
147426.9501,1858,0,147426.9501
122307.4266,1859,0,122307.4266
144876.3559,1860,0,144876.3559
120633.0664,1861,0,120633.0664
337747.4925,1862,0,337747.4925
328148.1554,1863,0,328148.1554
328177.1098,1864,0,328177.1098
289289.3935,1865,0,289289.3935
302703.6522,1866,0,302703.6522
217285.4585,1867,0,217285.4585
290942.2888,1868,0,290942.2888
198430.2905,1869,0,198430.2905
216665.1616,1870,0,216665.1616
235287.3769,1871,0,235287.3769
168912.1533,1872,0,168912.1533
242783.2926,1873,0,242783.2926
164172.3102,1874,0,164172.3102
209596.4201,1875,0,209596.4201
212760.1779,1876,0,212760.1779
205330.021,1877,0,205330.021
219615.882,1878,0,219615.882
127827.0468,1879,0,127827.0468
129979.7328,1880,0,129979.7328
236235.3426,1881,0,236235.3426
254062.1117,1882,0,254062.1117
187399.2837,1883,0,187399.2837
203054.1779,1884,0,203054.1779
225955.847,1885,0,225955.847
268737.3814,1886,0,268737.3814
216292.7858,1887,0,216292.7858
275010.2356,1888,0,275010.2356
166352.0064,1889,0,166352.0064
140269.7059,1890,0,140269.7059
143242.2846,1891,0,143242.2846
98311.91465,1892,0,98311.91465
110793.6854,1893,900,111693.6854
129570.23,1894,0,129570.23
107419.2862,1895,0,107419.2862
115513.7586,1896,0,115513.7586
113545.5216,1897,0,113545.5216
111717.4204,1898,0,111717.4204
166670.1664,1899,0,166670.1664
161640.581,1900,0,161640.581
171004.2538,1901,0,171004.2538
160876.4603,1902,0,160876.4603
243064.6141,1903,0,243064.6141
142520.831,1904,0,142520.831
199231.4625,1905,0,199231.4625
185467.4476,1906,0,185467.4476
232931.534,1907,0,232931.534
109005.4729,1908,0,109005.4729
129233.0698,1909,0,129233.0698
120280.107,1910,0,120280.107
227709.1152,1911,1500,229209.1152
350520.7499,1912,0,350520.7499
135020.1552,1913,0,135020.1552
56314.36478,1914,0,56314.36478
329535.0326,1915,0,329535.0326
52849.95678,1916,0,52849.95678
236453.3793,1917,0,236453.3793
142549.5007,1918,0,142549.5007
169887.831,1919,0,169887.831
170576.5023,1920,0,170576.5023
326188.2224,1921,0,326188.2224
273915.3574,1922,0,273915.3574
128250.6496,1923,2500,130750.6496
238522.647,1924,0,238522.647
193396.0395,1925,0,193396.0395
349013.0647,1926,0,349013.0647
134825.5297,1927,0,134825.5297
169163.8898,1928,0,169163.8898
113235.8925,1929,0,113235.8925
121664.3248,1930,700,122364.3248
132940.6221,1931,0,132940.6221
141589.3085,1932,0,141589.3085
145823.5196,1933,0,145823.5196
183455.661,1934,0,183455.661
179383.1534,1935,0,179383.1534
181776.2265,1936,0,181776.2265
189494.9016,1937,0,189494.9016
172765.932,1938,0,172765.932
255796.7192,1939,0,255796.7192
186936.5955,1940,0,186936.5955
180041.4651,1941,0,180041.4651
193021.6414,1942,0,193021.6414
214093.4236,1943,0,214093.4236
336401.087,1944,0,336401.087
370534.5121,1945,0,370534.5121
162516.63,1946,750,163266.63
311116.3962,1947,0,311116.3962
158380.6512,1948,0,158380.6512
221097.6097,1949,0,221097.6097
171999.5677,1950,0,171999.5677
218914.6084,1951,0,218914.6084
202990.6303,1952,0,202990.6303
161344.0972,1953,0,161344.0972
204098.9841,1954,0,204098.9841
147661.0326,1955,0,147661.0326
271933.1195,1956,0,271933.1195
158586.6404,1957,0,158586.6404
266594.033,1958,0,266594.033
144072.705,1959,0,144072.705
121956.4574,1960,0,121956.4574
123092.3472,1961,0,123092.3472
96152.92395,1962,0,96152.92395
104057.7566,1963,0,104057.7566
103069.8641,1964,0,103069.8641
138988.9008,1965,0,138988.9008
137685.1297,1966,0,137685.1297
293430.9571,1967,0,293430.9571
411056.3421,1968,0,411056.3421
384523.1368,1969,0,384523.1368
431935.0679,1970,0,431935.0679
476038.0867,1971,0,476038.0867
375523.8664,1972,0,375523.8664
278105.5475,1973,0,278105.5475
327583.9374,1974,0,327583.9374
549774.5067,1975,0,549774.5067
270079.1503,1976,0,270079.1503
363900.0269,1977,0,363900.0269
357816.8332,1978,0,357816.8332
355994.564,1979,0,355994.564
212120.2734,1980,0,212120.2734
333517.5803,1981,0,333517.5803
229706.1947,1982,0,229706.1947
213818.2184,1983,0,213818.2184
178596.181,1984,0,178596.181
216570.8223,1985,0,216570.8223
211567.2251,1986,0,211567.2251
183284.3379,1987,0,183284.3379
180762.3103,1988,0,180762.3103
199837.2122,1989,0,199837.2122
220261.5652,1990,0,220261.5652
246451.2377,1991,0,246451.2377
216246.3311,1992,0,216246.3311
174589.2976,1993,0,174589.2976
234051.9497,1994,0,234051.9497
186527.2469,1995,0,186527.2469
265669.0089,1996,0,265669.0089
287196.4946,1997,0,287196.4946
319697.6233,1998,0,319697.6233
266454.3352,1999,0,266454.3352
309436.8356,2000,0,309436.8356
279694.0915,2001,0,279694.0915
215250.9053,2002,0,215250.9053
212630.2255,2003,0,212630.2255
225757.0215,2004,0,225757.0215
204467.7178,2005,0,204467.7178
188263.7382,2006,0,188263.7382
211442.0254,2007,0,211442.0254
181546.6102,2008,0,181546.6102
197806.3019,2009,0,197806.3019
189564.876,2010,0,189564.876
148127.4421,2011,0,148127.4421
163458.4921,2012,0,163458.4921
180281.3918,2013,0,180281.3918
188936.5027,2014,0,188936.5027
231899.6716,2015,2000,233899.6716
189149.1507,2016,0,189149.1507
189507.2575,2017,0,189507.2575
130538.8624,2018,400,130938.8624
129522.8519,2019,0,129522.8519
111604.9798,2020,0,111604.9798
112540.5991,2021,650,113190.5991
177232.8405,2022,0,177232.8405
134163.2212,2023,0,134163.2212
291434.57,2024,0,291434.57
394078.6221,2025,0,394078.6221
192390.2367,2026,0,192390.2367
176459.1732,2027,0,176459.1732
170399.8779,2028,0,170399.8779
180058.4025,2029,0,180058.4025
220784.6113,2030,0,220784.6113
203510.0618,2031,0,203510.0618
211077.644,2032,0,211077.644
217834.3842,2033,0,217834.3842
169935.0057,2034,0,169935.0057
201881.1977,2035,0,201881.1977
186791.4748,2036,0,186791.4748
186976.0697,2037,0,186976.0697
294312.0134,2038,0,294312.0134
235520.864,2039,0,235520.864
313107.5261,2040,0,313107.5261
287327.3342,2041,0,287327.3342
205726.3142,2042,0,205726.3142
168879.4088,2043,0,168879.4088
167716.4473,2044,0,167716.4473
194937.3674,2045,450,195387.3674
149859.765,2046,0,149859.765
135758.5987,2047,0,135758.5987
144861.7466,2048,0,144861.7466
134891.291,2049,0,134891.291
180406.1024,2050,0,180406.1024
101835.5968,2051,0,101835.5968
127692.3593,2052,0,127692.3593
149841.9266,2053,0,149841.9266
86590.2938,2054,0,86590.2938
159287.0399,2055,0,159287.0399
136728.9294,2056,0,136728.9294
125100.3238,2057,0,125100.3238
191486.9881,2058,0,191486.9881
140217.346,2059,0,140217.346
165331.5722,2060,0,165331.5722
173468.1702,2061,0,173468.1702
126167.7559,2062,0,126167.7559
124092.9688,2063,0,124092.9688
137838.6659,2064,0,137838.6659
122510.8621,2065,0,122510.8621
165887.3876,2066,1500,167387.3876
118900.1726,2067,0,118900.1726
139600.5662,2068,0,139600.5662
63771.71087,2069,0,63771.71087
90021.72687,2070,0,90021.72687
86775.53527,2071,0,86775.53527
105897.7434,2072,0,105897.7434
142812.9413,2073,450,143262.9413
171061.6207,2074,6500,177561.6207
148668.8387,2075,0,148668.8387
121236.0355,2076,0,121236.0355
148573.131,2077,0,148573.131
126918.9726,2078,0,126918.9726
132371.6476,2079,0,132371.6476
120299.0627,2080,0,120299.0627
130782.5218,2081,0,130782.5218
130922.2141,2082,0,130922.2141
141266.7637,2083,0,141266.7637
114094.4201,2084,0,114094.4201
120229.7084,2085,0,120229.7084
110727.5065,2086,0,110727.5065
106999.6881,2087,0,106999.6881
93331.034,2088,0,93331.034
70529.57374,2089,0,70529.57374
127342.6101,2090,0,127342.6101
93655.32784,2091,0,93655.32784
112313.4032,2092,0,112313.4032
105933.8839,2093,0,105933.8839
104845.0161,2094,0,104845.0161
128964.5343,2095,0,128964.5343
70550.12025,2096,0,70550.12025
89861.27817,2097,0,89861.27817
117842.181,2098,0,117842.181
48306.28448,2099,0,48306.28448
85745.23589,2100,0,85745.23589
106631.5566,2101,0,106631.5566
110452.961,2102,0,110452.961
102958.4483,2103,0,102958.4483
135266.3615,2104,0,135266.3615
117851.3352,2105,0,117851.3352
62680.76825,2106,0,62680.76825
182641.5707,2107,0,182641.5707
104739.1219,2108,0,104739.1219
95527.75773,2109,0,95527.75773
127680.3322,2110,0,127680.3322
139179.0033,2111,0,139179.0033
151504.9717,2112,0,151504.9717
124845.1938,2113,0,124845.1938
112249.6554,2114,400,112649.6554
169372.3796,2115,0,169372.3796
111481.9267,2116,0,111481.9267
161252.6818,2117,0,161252.6818
123415.8852,2118,0,123415.8852
108545.1918,2119,0,108545.1918
123153.8816,2120,0,123153.8816
82711.2828,2121,0,82711.2828
104077.7452,2122,0,104077.7452
87131.10993,2123,0,87131.10993
192610.1621,2124,0,192610.1621
110825.4868,2125,0,110825.4868
172787.4444,2126,0,172787.4444
142441.4355,2127,1000,143441.4355
105052.3362,2128,0,105052.3362
80214.88563,2129,0,80214.88563
116480.2788,2130,0,116480.2788
135575.895,2131,0,135575.895
99072.08838,2132,0,99072.08838
114785.5721,2133,0,114785.5721
96967.88025,2134,0,96967.88025
81985.0904,2135,0,81985.0904
68634.82765,2136,0,68634.82765
122002.6737,2137,0,122002.6737
139623.629,2138,0,139623.629
160268.6907,2139,0,160268.6907
144404.5898,2140,600,145004.5898
139411.0435,2141,0,139411.0435
135505.2157,2142,0,135505.2157
143572.1982,2143,0,143572.1982
109940.5105,2144,0,109940.5105
133679.0093,2145,0,133679.0093
157838.2889,2146,0,157838.2889
168177.0336,2147,0,168177.0336
134367.7295,2148,0,134367.7295
136370.6017,2149,0,136370.6017
236202.9207,2150,0,236202.9207
111328.7,2151,0,111328.7
118302.058,2152,0,118302.058
176158.1423,2153,0,176158.1423
112341.3195,2154,0,112341.3195
135173.4866,2155,0,135173.4866
313353.1963,2156,0,313353.1963
216223.3233,2157,0,216223.3233
235383.3332,2158,0,235383.3332
216632.6219,2159,0,216632.6219
171240.9503,2160,0,171240.9503
242146.9265,2161,0,242146.9265
386255.9837,2162,0,386255.9837
298072.1825,2163,0,298072.1825
236113.0792,2164,0,236113.0792
204459.2603,2165,0,204459.2603
147861.14,2166,0,147861.14
215888.0545,2167,0,215888.0545
201604.8152,2168,0,201604.8152
201519.2676,2169,0,201519.2676
281674.7062,2170,4500,286174.7062
148501.4846,2171,0,148501.4846
137071.7683,2172,0,137071.7683
201408.9961,2173,0,201408.9961
227571.3504,2174,0,227571.3504
266345.358,2175,0,266345.358
288298.7978,2176,0,288298.7978
239645.2147,2177,0,239645.2147
205923.0722,2178,0,205923.0722
143404.1459,2179,0,143404.1459
235879.4638,2180,0,235879.4638
197736.3323,2181,0,197736.3323
226701.1906,2182,0,226701.1906
187408.9235,2183,0,187408.9235
150019.3461,2184,0,150019.3461
141235.5385,2185,0,141235.5385
130083.9557,2186,0,130083.9557
174475.8227,2187,0,174475.8227
152501.1003,2188,0,152501.1003
210603.7089,2189,0,210603.7089
81818.29297,2190,0,81818.29297
82661.30428,2191,0,82661.30428
93868.12846,2192,0,93868.12846
91134.53941,2193,0,91134.53941
101786.4536,2194,0,101786.4536
69657.47907,2195,3000,72657.47907
96300.089,2196,0,96300.089
106162.2062,2197,0,106162.2062
128679.2198,2198,0,128679.2198
161453.315,2199,0,161453.315
148735.6361,2200,0,148735.6361
150837.0434,2201,400,151237.0434
209538.9944,2202,0,209538.9944
156951.0351,2203,0,156951.0351
202250.3211,2204,0,202250.3211
129518.4054,2205,0,129518.4054
144856.5755,2206,0,144856.5755
212211.1509,2207,0,212211.1509
274819.2783,2208,0,274819.2783
206306.7718,2209,0,206306.7718
119988.1248,2210,0,119988.1248
103305.7882,2211,0,103305.7882
105550.8859,2212,0,105550.8859
86223.24401,2213,0,86223.24401
134666.7615,2214,0,134666.7615
87570.92293,2215,0,87570.92293
129648.6083,2216,0,129648.6083
48295.43712,2217,0,48295.43712
71731.52025,2218,0,71731.52025
68752.49668,2219,0,68752.49668
70552.20563,2220,0,70552.20563
324898.7593,2221,0,324898.7593
276001.3108,2222,0,276001.3108
243661.1228,2223,0,243661.1228
203800.7204,2224,0,203800.7204
122291.1754,2225,0,122291.1754
185568.2066,2226,0,185568.2066
185123.6687,2227,0,185123.6687
244814.5371,2228,0,244814.5371
252544.502,2229,0,252544.502
154516.1006,2230,0,154516.1006
184750.5789,2231,0,184750.5789
152882.6743,2232,0,152882.6743
165594.4833,2233,0,165594.4833
226057.717,2234,0,226057.717
216070.1128,2235,0,216070.1128
263466.947,2236,0,263466.947
285144.7686,2237,0,285144.7686
210583.5587,2238,0,210583.5587
116173.2625,2239,0,116173.2625
163577.3104,2240,0,163577.3104
157688.2374,2241,0,157688.2374
112763.965,2242,0,112763.965
124896.5734,2243,0,124896.5734
100411.9082,2244,0,100411.9082
104806.0367,2245,0,104806.0367
151080.322,2246,500,151580.322
106671.9315,2247,0,106671.9315
121128.8567,2248,0,121128.8567
125155.691,2249,0,125155.691
137405.0013,2250,0,137405.0013
98763.81006,2251,0,98763.81006
168241.8189,2252,0,168241.8189
157567.0055,2253,0,157567.0055
189000.0958,2254,0,189000.0958
190457.6711,2255,0,190457.6711
181705.0015,2256,0,181705.0015
198441.282,2257,0,198441.282
165084.2692,2258,0,165084.2692
178935.1873,2259,0,178935.1873
157035.49,2260,0,157035.49
200732.9559,2261,0,200732.9559
226455.9543,2262,0,226455.9543
359334.603,2263,0,359334.603
474521.9337,2264,0,474521.9337
164124.3511,2265,0,164124.3511
318127.5689,2266,0,318127.5689
401909.5653,2267,0,401909.5653
467967.3963,2268,0,467967.3963
165015.3101,2269,0,165015.3101
189632.27,2270,0,189632.27
201653.8671,2271,0,201653.8671
207963.4026,2272,0,207963.4026
164387.2185,2273,0,164387.2185
184655.5829,2274,0,184655.5829
160727.9114,2275,0,160727.9114
187152.8048,2276,0,187152.8048
204456.4104,2277,0,204456.4104
148251.6654,2278,0,148251.6654
123350.0639,2279,0,123350.0639
111453.3345,2280,0,111453.3345
164805.4371,2281,0,164805.4371
172868.6213,2282,0,172868.6213
107209.7425,2283,0,107209.7425
102731.2638,2284,0,102731.2638
134732.7264,2285,0,134732.7264
123781.2507,2286,0,123781.2507
374028.5053,2287,0,374028.5053
286629.1434,2288,0,286629.1434
405757.7896,2289,0,405757.7896
471762.283,2290,0,471762.283
366495.2339,2291,0,366495.2339
445260.0214,2292,0,445260.0214
507026.7426,2293,0,507026.7426
394624.9656,2294,0,394624.9656
500403.6226,2295,0,500403.6226
323185.1913,2296,0,323185.1913
363748.1163,2297,0,363748.1163
329701.5641,2298,0,329701.5641
360493.5755,2299,0,360493.5755
344103.1064,2300,0,344103.1064
316468.9771,2301,0,316468.9771
242637.0122,2302,0,242637.0122
259532.075,2303,0,259532.075
260021.5176,2304,0,260021.5176
217259.6474,2305,0,217259.6474
198886.9219,2306,0,198886.9219
203479.4334,2307,0,203479.4334
237193.6217,2308,0,237193.6217
281508.2266,2309,0,281508.2266
239866.9135,2310,0,239866.9135
213167.0517,2311,0,213167.0517
162869.0811,2312,0,162869.0811
170931.2591,2313,0,170931.2591
174390.2736,2314,0,174390.2736
180028.1688,2315,0,180028.1688
203521.1998,2316,0,203521.1998
182446.7616,2317,2000,184446.7616
176436.7506,2318,0,176436.7506
181123.5275,2319,0,181123.5275
170716.6511,2320,0,170716.6511
247396.323,2321,0,247396.323
171006.793,2322,0,171006.793
173380.6546,2323,0,173380.6546
192518.1919,2324,0,192518.1919
200940.4288,2325,0,200940.4288
172098.6159,2326,0,172098.6159
209645.0337,2327,0,209645.0337
226934.639,2328,0,226934.639
192136.5417,2329,0,192136.5417
173415.2845,2330,0,173415.2845
352608.3698,2331,0,352608.3698
448162.5048,2332,0,448162.5048
338973.5784,2333,0,338973.5784
264033.0247,2334,0,264033.0247
292785.571,2335,0,292785.571
323104.2749,2336,0,323104.2749
178799.3696,2337,0,178799.3696
202741.5344,2338,0,202741.5344
199859.7992,2339,0,199859.7992
251318.1134,2340,0,251318.1134
195800.3821,2341,0,195800.3821
213452.5212,2342,0,213452.5212
215600.2851,2343,0,215600.2851
204316.5699,2344,0,204316.5699
212015.2691,2345,0,212015.2691
189843.5416,2346,0,189843.5416
179310.6699,2347,0,179310.6699
217901.1036,2348,0,217901.1036
180679.2673,2349,0,180679.2673
232140.8673,2350,0,232140.8673
210908.0472,2351,0,210908.0472
215234.8243,2352,0,215234.8243
243318.5299,2353,0,243318.5299
136780.1843,2354,0,136780.1843
141694.0091,2355,0,141694.0091
149268.0411,2356,0,149268.0411
191305.7003,2357,0,191305.7003
202010.5951,2358,0,202010.5951
134483.5199,2359,0,134483.5199
121868.6623,2360,0,121868.6623
143407.677,2361,0,143407.677
257227.0725,2362,0,257227.0725
144470.5081,2363,0,144470.5081
155920.0311,2364,0,155920.0311
216478.5262,2365,0,216478.5262
174443.0678,2366,0,174443.0678
202909.0158,2367,0,202909.0158
199118.088,2368,0,199118.088
197378.6572,2369,0,197378.6572
178299.651,2370,0,178299.651
179936.4695,2371,0,179936.4695
176015.656,2372,0,176015.656
248553.6839,2373,0,248553.6839
256855.8549,2374,0,256855.8549
251873.5095,2375,0,251873.5095
263785.6703,2376,0,263785.6703
389790.196,2377,0,389790.196
145318.9691,2378,0,145318.9691
217795.6449,2379,0,217795.6449
159461.9701,2380,0,159461.9701
166078.6796,2381,0,166078.6796
197399.9543,2382,0,197399.9543
199290.0229,2383,0,199290.0229
238378.8307,2384,0,238378.8307
150026.779,2385,400,150426.779
140004.6816,2386,0,140004.6816
138096.8043,2387,0,138096.8043
98819.10864,2388,0,98819.10864
115869.2728,2389,0,115869.2728
152685.37,2390,0,152685.37
140913.1498,2391,0,140913.1498
111070.6187,2392,0,111070.6187
163621.1392,2393,0,163621.1392
148028.3974,2394,0,148028.3974
192395.513,2395,0,192395.513
149194.4738,2396,0,149194.4738
194857.8475,2397,0,194857.8475
136236.2805,2398,0,136236.2805
68096.36654,2399,0,68096.36654
41273.87967,2400,2000,43273.87967
102047.3462,2401,0,102047.3462
134676.5037,2402,0,134676.5037
134294.6378,2403,0,134294.6378
150782.0404,2404,0,150782.0404
160236.9233,2405,0,160236.9233
149247.2609,2406,0,149247.2609
118038.8837,2407,0,118038.8837
143444.8858,2408,0,143444.8858
118250.0794,2409,0,118250.0794
166156.0057,2410,0,166156.0057
119753.7902,2411,0,119753.7902
158122.1941,2412,0,158122.1941
133388.0945,2413,0,133388.0945
139422.3006,2414,0,139422.3006
124123.3378,2415,0,124123.3378
129180.3288,2416,0,129180.3288
132948.3613,2417,0,132948.3613
127931.4273,2418,0,127931.4273
120598.661,2419,0,120598.661
124941.0071,2420,0,124941.0071
144244.5044,2421,0,144244.5044
86344.87395,2422,400,86744.87395
104659.8478,2423,0,104659.8478
149037.9962,2424,0,149037.9962
177123.9435,2425,0,177123.9435
106512.9063,2426,0,106512.9063
97422.28791,2427,0,97422.28791
186606.8432,2428,0,186606.8432
116792.4173,2429,0,116792.4173
129811.8175,2430,0,129811.8175
119148.2028,2431,0,119148.2028
144037.3336,2432,0,144037.3336
146533.837,2433,0,146533.837
135827.9189,2434,0,135827.9189
152584.5229,2435,0,152584.5229
106395.8061,2436,0,106395.8061
112644.9598,2437,0,112644.9598
125336.283,2438,0,125336.283
92204.47313,2439,0,92204.47313
104789.071,2440,0,104789.071
88876.84776,2441,0,88876.84776
93440.62538,2442,0,93440.62538
103388.4106,2443,0,103388.4106
132285.7851,2444,0,132285.7851
83058.92265,2445,0,83058.92265
104239.3697,2446,0,104239.3697
133900.3515,2447,0,133900.3515
105727.2495,2448,0,105727.2495
104945.8174,2449,0,104945.8174
136878.7265,2450,0,136878.7265
112527.0991,2451,0,112527.0991
167980.5726,2452,0,167980.5726
77259.41664,2453,0,77259.41664
109676.5852,2454,0,109676.5852
127403.6128,2455,0,127403.6128
144412.2415,2456,0,144412.2415
129672.6027,2457,0,129672.6027
132913.0087,2458,0,132913.0087
96761.08722,2459,0,96761.08722
150237.8902,2460,0,150237.8902
115539.9521,2461,0,115539.9521
137518.1391,2462,0,137518.1391
130511.9529,2463,0,130511.9529
136018.0744,2464,0,136018.0744
138626.3921,2465,0,138626.3921
119729.6586,2466,0,119729.6586
115039.7189,2467,0,115039.7189
74399.90827,2468,0,74399.90827
72426.4891,2469,0,72426.4891
173609.3733,2470,0,173609.3733
225572.3926,2471,0,225572.3926
160225.2952,2472,0,160225.2952
87872.4875,2473,0,87872.4875
90044.68708,2474,0,90044.68708
195486.3137,2475,0,195486.3137
134585.4024,2476,0,134585.4024
124333.5631,2477,0,124333.5631
143192.7907,2478,0,143192.7907
111031.0945,2479,0,111031.0945
145475.5621,2480,0,145475.5621
128349.0504,2481,0,128349.0504
124044.5038,2482,0,124044.5038
119272.8445,2483,0,119272.8445
122604.8608,2484,0,122604.8608
126718.1848,2485,0,126718.1848
147389.5934,2486,0,147389.5934
169681.3177,2487,500,170181.3177
160079.1115,2488,0,160079.1115
153911.9211,2489,0,153911.9211
151166.4558,2490,0,151166.4558
95548.93738,2491,0,95548.93738
181435.9713,2492,0,181435.9713
174883.7092,2493,0,174883.7092
127942.5257,2494,0,127942.5257
72028.78412,2495,0,72028.78412
248300.6211,2496,0,248300.6211
133458.1589,2497,0,133458.1589
109347.8897,2498,0,109347.8897
84898.9179,2499,0,84898.9179
135270.4677,2500,0,135270.4677
134675.2667,2501,0,134675.2667
135389.2742,2502,0,135389.2742
107898.4987,2503,0,107898.4987
169344.481,2504,0,169344.481
225577.6862,2505,0,225577.6862
246014.9649,2506,0,246014.9649
266271.3222,2507,0,266271.3222
250775.7396,2508,0,250775.7396
215640.1431,2509,0,215640.1431
213779.3103,2510,0,213779.3103
167557.4046,2511,0,167557.4046
205106.7934,2512,0,205106.7934
239323.9387,2513,0,239323.9387
255225.8851,2514,0,255225.8851
143449.2756,2515,0,143449.2756
175161.259,2516,0,175161.259
141781.2911,2517,0,141781.2911
153796.0299,2518,0,153796.0299
229112.3078,2519,0,229112.3078
213658.9372,2520,0,213658.9372
183926.1225,2521,0,183926.1225
222128.2647,2522,0,222128.2647
122157.0422,2523,0,122157.0422
139332.7855,2524,0,139332.7855
138571.0421,2525,0,138571.0421
130887.9114,2526,0,130887.9114
121188.436,2527,0,121188.436
123688.8134,2528,0,123688.8134
136092.2758,2529,0,136092.2758
132661.7015,2530,0,132661.7015
261085.0262,2531,0,261085.0262
225015.0268,2532,0,225015.0268
193573.1507,2533,0,193573.1507
226634.1152,2534,0,226634.1152
297813.3371,2535,0,297813.3371
246098.5699,2536,0,246098.5699
215789.1077,2537,0,215789.1077
173739.6171,2538,0,173739.6171
182810.6693,2539,0,182810.6693
170747.0356,2540,0,170747.0356
177824.4558,2541,0,177824.4558
165905.7784,2542,0,165905.7784
102104.0432,2543,450,102554.0432
89521.3213,2544,0,89521.3213
125051.6711,2545,0,125051.6711
107346.3534,2546,0,107346.3534
135652.4705,2547,0,135652.4705
178172.0551,2548,0,178172.0551
178970.9025,2549,0,178970.9025
16237.76143,2550,17000,33237.76143
145912.7201,2551,0,145912.7201
113584.2144,2552,0,113584.2144
86503.16416,2553,0,86503.16416
124192.7362,2554,0,124192.7362
105115.7163,2555,0,105115.7163
96818.43028,2556,0,96818.43028
106193.3193,2557,0,106193.3193
159669.6177,2558,1512,161181.6177
138975.1914,2559,0,138975.1914
173646.926,2560,0,173646.926
150981.9558,2561,0,150981.9558
146446.1291,2562,0,146446.1291
150701.0941,2563,0,150701.0941
194438.469,2564,0,194438.469
132448.5555,2565,0,132448.5555
183784.4764,2566,0,183784.4764
128985.4946,2567,0,128985.4946
200187.119,2568,0,200187.119
203054.1268,2569,0,203054.1268
112361.3935,2570,0,112361.3935
173804.3752,2571,0,173804.3752
136605.0332,2572,0,136605.0332
230609.9956,2573,0,230609.9956
342707.6022,2574,0,342707.6022
107255.7442,2575,0,107255.7442
101740.1468,2576,0,101740.1468
124023.9487,2577,0,124023.9487
74044.61562,2578,0,74044.61562
60830.17189,2579,0,60830.17189
90816.48225,2580,0,90816.48225
96572.51324,2581,0,96572.51324
121214.428,2582,0,121214.428
313943.8073,2583,0,313943.8073
167494.3883,2584,0,167494.3883
198639.312,2585,0,198639.312
214579.6468,2586,0,214579.6468
199886.1757,2587,0,199886.1757
133622.4322,2588,0,133622.4322
164921.4304,2589,0,164921.4304
196651.7586,2590,0,196651.7586
224819.7952,2591,0,224819.7952
205373.8859,2592,0,205373.8859
246419.6573,2593,0,246419.6573
179833.4444,2594,0,179833.4444
190410.9879,2595,0,190410.9879
284323.3046,2596,0,284323.3046
155392.5827,2597,0,155392.5827
300289.7297,2598,0,300289.7297
309141.3662,2599,0,309141.3662
149619.7977,2600,0,149619.7977
121317.5041,2601,0,121317.5041
89845.27133,2602,0,89845.27133
99614.70579,2603,0,99614.70579
90559.66453,2604,0,90559.66453
81805.99304,2605,0,81805.99304
150641.9068,2606,0,150641.9068
182408.491,2607,0,182408.491
189941.1828,2608,0,189941.1828
177502.8509,2609,0,177502.8509
99079.1441,2610,0,99079.1441
163729.3663,2611,0,163729.3663
154404.0704,2612,0,154404.0704
122576.8956,2613,0,122576.8956
128725.3614,2614,0,128725.3614
148132.1175,2615,0,148132.1175
143521.3048,2616,0,143521.3048
175806.3336,2617,0,175806.3336
163738.2938,2618,0,163738.2938
184849.6619,2619,0,184849.6619
181141.8912,2620,0,181141.8912
172171.9556,2621,0,172171.9556
180218.5702,2622,0,180218.5702
244308.8782,2623,0,244308.8782
294898.8619,2624,0,294898.8619
309662.5489,2625,0,309662.5489
167668.083,2626,0,167668.083
163937.3533,2627,0,163937.3533
521228.2748,2628,0,521228.2748
547938.9095,2629,0,547938.9095
416379.3702,2630,0,416379.3702
471768.3914,2631,0,471768.3914
444924.6674,2632,0,444924.6674
330933.7129,2633,0,330933.7129
418222.9214,2634,0,418222.9214
170839.7997,2635,0,170839.7997
173594.6224,2636,0,173594.6224
159256.292,2637,0,159256.292
251216.5562,2638,0,251216.5562
196338.1399,2639,0,196338.1399
144999.4137,2640,0,144999.4137
111062.0209,2641,0,111062.0209
180016.7876,2642,0,180016.7876
101184.3417,2643,0,101184.3417
116581.0673,2644,0,116581.0673
100590.2856,2645,0,100590.2856
92140.88188,2646,0,92140.88188
105228.9266,2647,0,105228.9266
133256.4532,2648,0,133256.4532
156208.9959,2649,0,156208.9959
134704.851,2650,0,134704.851
137593.5533,2651,0,137593.5533
418968.3714,2652,0,418968.3714
256771.3247,2653,0,256771.3247
253842.2801,2654,0,253842.2801
393222.6196,2655,0,393222.6196
353554.6934,2656,0,353554.6934
367147.5632,2657,0,367147.5632
342228.0106,2658,0,342228.0106
351705.1234,2659,0,351705.1234
382320.7345,2660,0,382320.7345
378969.5872,2661,0,378969.5872
361595.4958,2662,0,361595.4958
286763.8924,2663,0,286763.8924
275836.7113,2664,0,275836.7113
349543.7335,2665,0,349543.7335
307816.1086,2666,0,307816.1086
174156.3732,2667,0,174156.3732
175076.4996,2668,0,175076.4996
168226.8706,2669,0,168226.8706
282935.3106,2670,0,282935.3106
180111.7067,2671,0,180111.7067
196251.1163,2672,0,196251.1163
206255.5624,2673,0,206255.5624
200000.841,2674,0,200000.841
164139.178,2675,0,164139.178
189674.189,2676,0,189674.189
198980.6716,2677,0,198980.6716
243752.9164,2678,0,243752.9164
280510.2747,2679,0,280510.2747
293111.9559,2680,0,293111.9559
407866.9767,2681,0,407866.9767
340774.2556,2682,0,340774.2556
534713.9962,2683,0,534713.9962
341671.2277,2684,0,341671.2277
356790.7873,2685,0,356790.7873
211352.9403,2686,0,211352.9403
244265.7635,2687,0,244265.7635
179141.1058,2688,0,179141.1058
186612.8294,2689,0,186612.8294
297013.7841,2690,0,297013.7841
201180.6769,2691,0,201180.6769
147129.8945,2692,0,147129.8945
193713.3126,2693,0,193713.3126
134077.0081,2694,0,134077.0081
190350.3689,2695,0,190350.3689
185691.9385,2696,0,185691.9385
192305.4713,2697,0,192305.4713
252878.4596,2698,3000,255878.4596
168789.5762,2699,0,168789.5762
152281.3485,2700,0,152281.3485
152845.4442,2701,0,152845.4442
119270.7883,2702,0,119270.7883
115090.7259,2703,0,115090.7259
141056.1419,2704,0,141056.1419
123995.8871,2705,0,123995.8871
120117.3608,2706,0,120117.3608
126354.5055,2707,0,126354.5055
135747.6662,2708,0,135747.6662
115542.0798,2709,0,115542.0798
132847.1717,2710,0,132847.1717
302365.8112,2711,0,302365.8112
406814.4112,2712,0,406814.4112
183938.641,2713,0,183938.641
166263.1464,2714,0,166263.1464
179526.0941,2715,0,179526.0941
162673.5695,2716,0,162673.5695
202271.6897,2717,0,202271.6897
209694.0356,2718,0,209694.0356
162758.4941,2719,0,162758.4941
167154.7253,2720,0,167154.7253
135283.1815,2721,0,135283.1815
153768.4643,2722,455,154223.4643
151008.4459,2723,0,151008.4459
127413.239,2724,0,127413.239
133324.2522,2725,0,133324.2522
145150.6525,2726,0,145150.6525
172333.8658,2727,460,172793.8658
171471.2141,2728,0,171471.2141
140394.3289,2729,0,140394.3289
145191.2807,2730,0,145191.2807
119632.9435,2731,0,119632.9435
121872.937,2732,0,121872.937
153745.5149,2733,0,153745.5149
140145.2202,2734,0,140145.2202
132179.9042,2735,0,132179.9042
135872.7743,2736,0,135872.7743
122407.7475,2737,0,122407.7475
130187.1554,2738,0,130187.1554
158199.6088,2739,0,158199.6088
134554.9779,2740,0,134554.9779
147123.0982,2741,0,147123.0982
159709.9315,2742,0,159709.9315
160147.559,2743,0,160147.559
160095.3377,2744,0,160095.3377
133733.1096,2745,0,133733.1096
144074.1285,2746,0,144074.1285
145591.3936,2747,0,145591.3936
122833.4785,2748,0,122833.4785
130443.9052,2749,0,130443.9052
124421.1964,2750,650,125071.1964
136734.5475,2751,0,136734.5475
179692.4893,2752,0,179692.4893
154826.9842,2753,400,155226.9842
182765.4853,2754,0,182765.4853
128382.331,2755,0,128382.331
80538.77097,2756,0,80538.77097
83840.55816,2757,0,83840.55816
77059.07617,2758,0,77059.07617
135320.9245,2759,0,135320.9245
109954.0098,2760,0,109954.0098
146927.0982,2761,0,146927.0982
139254.8612,2762,0,139254.8612
185652.9316,2763,0,185652.9316
137762.6183,2764,0,137762.6183
236083.5391,2765,0,236083.5391
121342.0557,2766,0,121342.0557
92683.88553,2767,0,92683.88553
122199.3995,2768,0,122199.3995
134987.6013,2769,0,134987.6013
144094.2321,2770,0,144094.2321
112808.6092,2771,0,112808.6092
122688.1213,2772,0,122688.1213
141394.5142,2773,0,141394.5142
118653.8035,2774,0,118653.8035
100305.2683,2775,0,100305.2683
126255.5007,2776,0,126255.5007
134502.7898,2777,0,134502.7898
84857.3877,2778,0,84857.3877
106516.3388,2779,0,106516.3388
87332.34829,2780,0,87332.34829
85662.96892,2781,0,85662.96892
87777.56657,2782,0,87777.56657
91230.9006,2783,0,91230.9006
90289.92063,2784,0,90289.92063
123141.5448,2785,0,123141.5448
58361.1022,2786,0,58361.1022
93733.35268,2787,0,93733.35268
70456.51673,2788,0,70456.51673
148379.3428,2789,0,148379.3428
73494.28873,2790,0,73494.28873
85114.66667,2791,4500,89614.66667
57866.44814,2792,0,57866.44814
180956.6392,2793,0,180956.6392
96103.85028,2794,0,96103.85028
119126.1606,2795,0,119126.1606
95231.5498,2796,0,95231.5498
153069.7752,2797,0,153069.7752
102945.2572,2798,0,102945.2572
102008.6162,2799,0,102008.6162
55197.22543,2800,0,55197.22543
91234.67853,2801,0,91234.67853
126908.0112,2802,0,126908.0112
154029.8027,2803,0,154029.8027
123226.1711,2804,600,123826.1711
82469.90353,2805,0,82469.90353
84942.16288,2806,0,84942.16288
157028.2404,2807,0,157028.2404
148587.2157,2808,0,148587.2157
137161.8127,2809,500,137661.8127
131367.071,2810,0,131367.071
152326.2084,2811,0,152326.2084
169039.2381,2812,0,169039.2381
150378.0854,2813,0,150378.0854
155458.562,2814,0,155458.562
91627.54209,2815,0,91627.54209
236450.8704,2816,0,236450.8704
149348.005,2817,0,149348.005
123420.0483,2818,0,123420.0483
163611.6038,2819,0,163611.6038
146749.1354,2820,0,146749.1354
104570.6164,2821,0,104570.6164
206617.0244,2822,0,206617.0244
207880.3529,2823,0,207880.3529
138108.7661,2824,0,138108.7661
157629.4067,2825,0,157629.4067
119316.9407,2826,0,119316.9407
138766.151,2827,0,138766.151
278421.0871,2828,0,278421.0871
201955.1996,2829,0,201955.1996
213061.9035,2830,0,213061.9035
181641.8999,2831,0,181641.8999
239621.0481,2832,0,239621.0481
253739.2608,2833,0,253739.2608
207025.0285,2834,0,207025.0285
222249.98,2835,0,222249.98
195506.4417,2836,0,195506.4417
167224.5742,2837,0,167224.5742
143241.6315,2838,0,143241.6315
169886.987,2839,0,169886.987
203634.6064,2840,0,203634.6064
202928.8521,2841,0,202928.8521
215625.7853,2842,0,215625.7853
151484.2276,2843,0,151484.2276
180859.3551,2844,0,180859.3551
116523.1312,2845,0,116523.1312
211429.4171,2846,0,211429.4171
219616.1994,2847,0,219616.1994
197851.4597,2848,0,197851.4597
197490.4565,2849,0,197490.4565
276750.9546,2850,0,276750.9546
202422.053,2851,0,202422.053
244775.8562,2852,0,244775.8562
229079.8593,2853,0,229079.8593
139653.388,2854,0,139653.388
192218.6277,2855,0,192218.6277
195987.8158,2856,0,195987.8158
188604.1514,2857,0,188604.1514
191906.6895,2858,0,191906.6895
123787.0509,2859,420,124207.0509
136650.4788,2860,0,136650.4788
139895.6788,2861,0,139895.6788
182466.5402,2862,0,182466.5402
127103.8913,2863,0,127103.8913
186039.5426,2864,0,186039.5426
130017.37,2865,0,130017.37
139781.8137,2866,0,139781.8137
102976.7241,2867,0,102976.7241
88796.56389,2868,0,88796.56389
89214.70552,2869,0,89214.70552
136575.3184,2870,0,136575.3184
75152.76895,2871,0,75152.76895
56141.23231,2872,0,56141.23231
91714.40498,2873,0,91714.40498
127537.8029,2874,0,127537.8029
126780.6024,2875,0,126780.6024
160716.4721,2876,0,160716.4721
125980.6118,2877,0,125980.6118
163154.3152,2878,0,163154.3152
135184.4508,2879,0,135184.4508
112764.4051,2880,0,112764.4051
142126.1939,2881,0,142126.1939
184277.2551,2882,0,184277.2551
189307.9452,2883,0,189307.9452
208996.9056,2884,0,208996.9056
193932.2494,2885,0,193932.2494
242650.1232,2886,0,242650.1232
74479.17692,2887,0,74479.17692
115763.0739,2888,0,115763.0739
46992.83683,2889,0,46992.83683
71341.35555,2890,0,71341.35555
120657.6638,2891,0,120657.6638
39628.97507,2892,0,39628.97507
60931.24537,2893,0,60931.24537
49764.82482,2894,0,49764.82482
358186.4448,2895,0,358186.4448
297912.6693,2896,0,297912.6693
200798.1261,2897,0,200798.1261
166717.2347,2898,0,166717.2347
200107.2381,2899,0,200107.2381
173857.4142,2900,0,173857.4142
207925.3063,2901,0,207925.3063
182928.3376,2902,0,182928.3376
301348.3734,2903,0,301348.3734
324626.2302,2904,0,324626.2302
86185.69739,2905,0,86185.69739
204730.2553,2906,0,204730.2553
112352.6218,2907,0,112352.6218
133898.4695,2908,0,133898.4695
177285.3802,2909,0,177285.3802
83528.14328,2910,0,83528.14328
90161.60788,2911,0,90161.60788
150806.042,2912,0,150806.042
85242.94559,2913,0,85242.94559
84341.17645,2914,0,84341.17645
87046.69132,2915,0,87046.69132
86006.06642,2916,0,86006.06642
154376.4495,2917,0,154376.4495
109075.057,2918,700,109775.057
227378.1213,2919,0,227378.1213